Partners,Date,NB,1,2,3,4,5,6,Pullups,Total,Running Total,Ever to Date,Year to Date,,
NICE Highlands Apartments,1/4/2020,500,400,450,600,600,600,600,,"3,750","3,750","2,321,750",,,
Martha O'Bryan,1/7/2020,,,,,600,600,600,,"1,800","5,550","2,323,550",,,
Madison Hispanic 7th Day,1/7/2020,,,450,450,500,750,750,,"2,900","8,450","2,326,450",,"2,900",
Legacy Mission Village,1/7/2020,1000,1000,1600,2375,4500,4800,4800,,"20,075","28,525","2,346,525",,,
Tusculum Elementary,1/7/2020,150,175,150,150,150,150,150,,"1,075","29,600","2,347,600",,,
Cole Elementary,1/7/2020,,,,375,300,300,300,,"1,275","30,875","2,348,875",,,
Glenview Elementary,1/7/2020,,400,,,400,450,450,,"1,700","32,575","2,350,575",,"1,700",
Glencliff High School,1/9/2020,,,,,400,400,450,,"1,250","33,825","2,351,825",,,
Nurses for Newborns,1/10/2020,250,,,300,,300,,,850,"34,675","2,352,675",,850,
NeedLink Nashville,1/13/2020,,225,,300,300,300,450,,"1,575","36,250","2,354,250",,"1,575",
Catholic Charities,1/14/2020,,,,800,800,800,800,,"3,200","39,450","2,357,450",,"3,200",
Fall Hamilton Elementary,1/14/2020,,,,,,300,300,,600,"40,050","2,358,050",,,
Martha O'Bryan,1/14/2020,,,,,750,750,750,,"2,250","42,300","2,362,646",,,
Nashville Women's Rescue Mission,1/20/2020,,,,,,300,300,,600,"42,900","2,363,246",,,
NICE Highlands Apartments,1/25/2020,400,500,550,700,750,750,750,,"4,400","47,300","2,367,646",,,
Catholic Charities,1/27/2020,800,,,900,900,900,900,,"4,400","51,700","2,372,046",,"4,400",
Connectus Priest Lake,1/27/2020,800,600,600,600,600,600,600,,"4,400","56,100","2,376,446",,"4,400",
Monroe Harding,1/27/2020,400,500,400,450,750,450,900,192,"4,042","60,142","2,380,488",,"4,042",
Buena Vista Elementary,1/27/2020,,,,,,375,425,,800,"60,942","2,381,288",,,
McMurray Middle School,1/27/2020,200,175,150,150,150,150,150,,"1,125","62,067","2,382,413",,,
Safe Room,1/14/2020,,450,450,450,,450,450,96,"2,346","64,413","2,360,396",,"2,346",
NeedLink Nashville,1/31/2020,,,,300,300,450,600,,"1,650","66,063","2,384,063",,"1,650","66,063"
Two Rivers Middle School,2/3/2020,300,,,450,450,450,450,,"2,100","2,100","2,386,163",,,
Tom Joy Elementary,2/3/2020,300,200,200,150,150,150,150,,"1,300","3,400","2,387,463",,,
Legacy Mission Village,2/3/2020,1000,1100,1600,2675,4950,4950,4950,,"21,225","24,625","2,408,688",,,
Cole Elementary,2/4/2020,,,,,450,450,450,,"1,350","25,975","2,410,038",,,
Legacy Mission Village,2/4/2020,,,,,,,1200,,"1,200","27,175","2,411,238",,,
Catholic Charities,2/6/2020,,,750,750,750,750,800,,"3,800","30,975","2,415,038",,"3,800",
Connectus Vine Hill,2/10/2020,500,400,450,450,450,450,450,,"3,150","34,125","2,418,188",,,
Jean Crowe Advocacy Center,2/10/2020,200,,150,300,150,150,400,252,"1,602","35,727","2,419,790",,"1,602",
Connectus Priest Lake,2/10/2020,450,400,450,1075,450,450,450,,"3,725","39,452","2,423,515",,,
Napier Elementary,2/13/2020,200,350,350,375,450,450,450,,"2,625","42,077","2,426,140",,,
Pearl Cohn High School,2/13/2020,200,350,350,375,300,300,300,,"2,175","44,252","2,428,315",,,
Martha O'Bryan,2/14/2020,,,,500,600,600,600,,"2,300","46,552","2,430,615",,,
Glencliff High School,2/14/2020,400,375,450,450,375,450,450,,"2,950","49,502","2,433,565",,,
NICE Highlands Apartments,2/14/2020,400,500,500,750,600,750,750,,"4,250","53,752","2,437,815",,,
Catholic Charities,2/17/2020,,,750,750,750,750,750,,"3,750","57,502","2,441,565",,"3,750",
Ascension Saint Thomas- Holy Family,2/17/2020,400,500,550,600,600,600,600,,"3,850","61,352","2,445,415",,"3,850",
Two Rivers Middle School,2/18/2020,,,,400,,450,600,,"1,450","62,802","2,446,865",,,
Tom Joy Elementary,2/18/2020,,,,,300,300,,,600,"63,402","2,447,465",,,
NeedLink Nashville,2/20/2020,,,150,300,450,450,450,,"1,800","65,202","2,449,265",,"1,800",
Nurses for Newborns,2/20/2020,250,,300,250,,300,,,"1,100","66,302","2,450,365",,"1,100",
Safe Room,2/21/2020,250,200,150,125,150,450,150,,"1,475","67,777","2,451,840",,"1,475",
Antioch High School,2/21/2020,,,300,300,400,450,,,"1,450","69,227","2,453,290",,,
TriStar Centennial,2/24/2020,250,200,150,150,,,,,750,"69,977","2,454,040",,750,
Monroe Harding,2/25/2020,500,300,450,825,750,150,600,,"3,575","73,552","2,457,615",,"3,575",
YWCA,2/26/2020,,,,,250,300,,,550,"74,102","2,458,165",,550,
Maplewood High School,2/28/2020,,,600,,,,,,600,"74,702","2,458,765",,600,
NICE Highlands Apartments,2/29/2020,500,500,450,750,750,750,800,,"4,500","79,202","2,463,265",,,79202
Catholic Charities,3/2/2020,,,750,800,800,750,800,,"3,900","3,900","2,467,165","149,165",49915,
Legacy Mission Village,3/3/2020,,1200,1650,2750,5100,5100,5550,,"21,350","25,250","2,488,515",,,
Sportsplex Shelter,3/3/2020,600,450,450,600,600,600,600,,"3,900","29,150","2,492,415",,,
Hadley Park Emergency Shelter,3/4/2020,,450,450,1125,900,,900,,"3,825","32,975","2,496,240",,,
Martha O'Bryan,3/4/2020,500,400,600,600,1200,1200,500,384,"5,384","38,359","2,501,624",,,
10th & Fatherland,3/5/2020,,500,300,150,150,150,200,,"1,450","39,809","2,503,074",,,
Dodson Chapel,3/5/2020,250,300,450,325,450,450,400,,"2,625","42,434","2,505,699",,,
Greater Heights Missionary Baptist,3/5/2020,,,450,450,400,150,200,,"1,650","44,084","2,507,349",,,
Lee's Chapel,3/5/2020,250,300,300,375,325,300,450,,"2,300","46,384","2,509,649",,,
Wilson County Community Help Center,3/5/2020,250,300,450,375,375,300,400,,"2,450","48,834","2,512,099",,,
St. Luke's Community House,3/5/2020,,,,250,200,200,200,,850,"49,684","2,512,949",,,
Hadley Park Emergency Shelter,3/5/2020,75,150,300,225,200,300,200,,"1,450","51,134","2,514,399",,,
East YMCA,3/5/2020,250,300,450,450,375,300,400,,"2,525","53,659","2,516,924",,,
East Nashville Magnet Middle School,3/5/2020,750,300,250,125,,,,,"1,425","55,084","2,518,349",,,
Greater Heights Missionary Baptist,3/6/2020,800,600,150,150,100,150,100,,"2,050","57,134","2,520,399",,,
10th & Fatherland,3/6/2020,1000,1050,,,,,,,"2,050","59,184","2,522,449",,,
East YMCA,3/6/2020,250,300,275,150,150,150,100,,"1,375","60,559","2,523,824",,,
Tom Joy Elementary,3/6/2020,500,300,400,300,225,150,200,,"2,075","62,634","2,525,899",,,
Team Music Is Love One Gen Away,3/6/2020,900,1050,1000,1600,800,825,750,,"6,925","69,559","2,532,824",,,
Glenview Elementary,3/9/2020,,,,,,300,350,,650,"70,209","2,533,474",,,
TriStar Centennial,3/9/2020,450,200,150,150,,,,,950,"71,159","2,534,424",,,
Evan Hill MB Church,3/9/2020,900,,800,,800,,,,"2,500","73,659","2,536,924",,,
Connectus Vine Hill,3/10/2020,600,650,625,600,650,600,600,,"4,325","77,984","2,541,249",,,
Hadley Park Emergency Shelter,3/11/2020,300,450,500,500,500,500,500,,"3,250","81,234","2,544,499",,,
Greater Christ Temple,3/11/2020,300,300,300,300,300,300,300,,"2,100","83,334","2,546,599",,,
Knowles,3/11/2020,300,300,300,300,300,300,300,,"2,100","85,434","2,548,699",,,
McNeily Center,3/11/2020,250,200,150,250,250,250,250,,"1,600","87,034","2,550,299",,,
Greater Heights Missionary Baptist,3/11/2020,300,200,150,250,250,250,250,,"1,650","88,684","2,551,949",,,
Fannie Battle Day Home,3/11/2020,300,200,150,250,250,225,250,,"1,625","90,309","2,553,574",,,
East Nashville Cooperative Ministry,3/12/2020,300,300,150,250,250,250,250,,"1,750","92,059","2,555,324",,,
McGruder Family Resource Center,3/12/2020,,,,,,600,600,692,"1,892","93,951","2,557,216",,,
Hermitage Community Center,3/12/2020,200,200,250,250,325,275,225,,"1,725","95,676","2,558,941",,,
YWCA,3/12/2020,,,,,,200,,,200,"95,876","2,559,141",,,
Monroe Harding,3/13/2020,300,300,450,600,600,750,750,,"3,750","99,626","2,562,891",,,
Maplewood High School,3/13/2020,,400,150,150,150,225,200,,"1,275","100,901","2,564,166",,,
NICE Highlands Apartments,3/13/2020,300,500,600,900,825,800,825,,"4,450","105,351","2,568,616",,,
McGruder Family Resource Center,3/16/2020,,,750,850,800,800,900,,"4,100","109,451","2,572,716",,,
Martha O'Bryan,3/16/2020,,,300,875,800,800,850,,"3,625","113,076","2,576,341",,,
Ascension Saint Thomas- Holy Family,3/16/2020,600,675,600,600,600,600,600,,"4,275","117,351","2,580,616",,,
Meharry Pediatric Clinic,3/17/2020,300,1000,750,750,750,600,600,,"4,750","122,101","2,585,366",,,
Woodmont Baptist Church,3/17/2020,150,200,300,300,250,250,250,,"1,700","123,801","2,587,066",,,
Antioch High School,3/18/2020,300,275,450,450,450,375,400,,"2,700","126,501","2,589,766",,,
Jere Baxter Middle School,3/18/2020,300,275,450,450,450,375,400,,"2,700","129,201","2,592,466",,,
Knowles,3/20/2020,0,300,250,300,250,250,275,,"1,625","130,826","2,594,091",,,
Two Rivers Middle School,3/20/2020,0,0,450,300,300,0,300,,"1,350","132,176","2,595,441",,,
NICE Highlands Apartments,3/21/2020,0,0,0,0,450,450,450,,"1,350","133,526","2,596,791",,,
Glencliff High School,3/23/2020,300,300,300,300,300,300,300,,"2,100","135,626","2,598,891",,,
Cole Elementary,3/23/2020,300,300,300,300,300,300,300,,"2,100","137,726","2,600,991",,,
Napier Elementary,3/23/2020,300,300,300,300,300,300,300,,"2,100","139,826","2,603,091","151,226",,
Legacy Mission Village,3/23/2020,0,1475,1400,3150,3000,3150,3125,,"15,300","155,126","2,618,391",,,
Buena Vista Elementary,3/24/2020,300,300,300,300,300,300,300,,"2,100","157,226","2,620,491",,,
Nashville Women's Rescue Mission,3/24/2020,300,300,300,300,300,300,300,,"2,100","159,326","2,622,591",,,
Connectus Priest Lake,3/24/2020,550,400,400,500,450,450,450,,"3,200","162,526","2,625,791",,,
Madison Middle School,3/25/2020,200,200,300,250,275,300,300,,"1,825","164,351","2,627,616",,,
Shwab Elementary School,3/25/2020,200,200,300,250,250,300,300,,"1,800","166,151","2,629,416",,,
Lakeview Elementary,3/25/2020,200,200,300,250,250,300,300,,"1,800","167,951","2,631,216",,,
Creswell Middle Prep,3/26/2020,200,200,200,275,250,200,200,,"1,525","169,476","2,632,741",,,
McKissick Middle School,3/26/2020,200,200,200,275,250,200,200,,"1,525","171,001","2,634,266",,,
Rose Park Middle School,3/26/2020,200,200,200,275,250,200,200,,"1,525","172,526","2,635,791",,,
Dupont Elementary School,3/27/2020,200,200,200,300,200,150,200,,"1,450","173,976","2,637,241",,,
Apollo Middle School,3/27/2020,200,200,200,300,200,150,200,,"1,450","175,426","2,638,691",,,
Two Rivers Middle School,3/27/2020,200,200,200,300,200,150,200,,"1,450","176,876","2,640,141",,,
Martha O'Bryan,3/27/2020,0,0,0,800,700,850,700,,"3,050","179,926","2,643,191",,,
Community Resource Center,3/27/2020,400,500,400,600,400,400,400,,"3,100","183,026","2,646,291",,,
Connectus Vine Hill,3/30/2020,0,0,750,850,800,800,800,,"4,000","187,026","2,650,291",,,
Joelton Middle School,3/30/2020,200,200,200,300,150,150,150,,"1,350","188,376","2,651,641",,,
H G Hill Middle School,3/30/2020,200,200,200,300,150,150,150,,"1,350","189,726","2,652,991",,,
Stratford High School,3/30/2020,200,200,200,300,150,150,150,,"1,350","191,076","2,654,341",,,
Buena Vista Elementary,3/31/2020,200,200,150,300,100,150,150,,"1,250","192,326","2,655,591",,,
Napier Elementary,4/1/2020,200,200,150,300,150,150,100,,"1,250","193,576","2,656,841",,,
Shwab Elementary School,3/31/2020,200,200,200,300,125,150,100,,"1,275","194,851","2,658,116",,,
McKissick Middle School,3/31/2020,200,200,200,300,125,150,100,,"1,275","196,126","2,659,391",,,
Alex Green Elementary,3/31/2020,200,200,150,300,150,150,100,,"1,250","197,376","2,660,641",,,
YWCA,3/31/2020,0,0,0,0,0,200,0,464,664,"198,040","2,661,305","198,040",3960.8,"198,040"
Antioch High School,4/1/2020,200,400,300,300,300,150,200,,"1,850","1,850","2,663,155",,74,
Glencliff High School,4/1/2020,200,400,300,300,300,150,200,,"1,850","3,700","2,665,005",,,
Cole Elementary,4/1/2020,200,400,300,300,300,150,200,,"1,850","5,550","2,666,855",,,
Apollo Middle School,4/1/2020,200,200,150,300,200,150,100,,"1,300","6,850","2,668,155",,,
Jere Baxter Middle School,4/1/2020,200,200,150,300,200,150,100,,"1,300","8,150","2,669,455",,,
McGruder Family Resource Center,4/2/2020,200,325,300,300,350,150,300,,"1,925","10,075","2,671,380",,,
Lakeview Elementary,4/2/2020,200,150,150,150,100,150,100,,"1,000","11,075","2,672,380",,,
Camp Widjiwagan YMCA,4/2/2020,200,150,150,150,100,150,100,,"1,000","12,075","2,673,380",,,
Rose Park Middle School,4/2/2020,200,150,150,150,100,150,100,,"1,000","13,075","2,674,380",,,
Madison Middle School,4/3/2020,200,250,150,300,150,0,100,,"1,150","14,225","2,675,530",,,
Dupont Elementary School,4/3/2020,200,250,150,300,150,0,100,,"1,150","15,375","2,676,680",,,
Paragon Mills Elementary,4/3/2020,200,250,150,300,150,0,100,,"1,150","16,525","2,677,830",,,
KIPP Kirkpatrick Elementary,4/3/2020,200,250,150,300,150,0,100,,"1,150","17,675","2,678,980",,,
Stratford High School,4/3/2020,200,250,150,300,150,0,100,,"1,150","18,825","2,680,130",,,
Joelton Middle School,4/6/2020,0,0,0,300,0,0,0,,300,"19,125","2,680,430",,,
Two Rivers Middle School,4/6/2020,0,0,0,0,0,0,100,,100,"19,225","2,680,530",,,
Buena Vista Elementary,4/6/2020,200,250,300,300,150,0,100,,"1,300","20,525","2,681,830",,,
H G Hill Middle School,4/6/2020,200,250,300,300,150,0,100,,"1,300","21,825","2,683,130",,,
McKissick Middle School,4/6/2020,200,250,300,300,150,0,100,,"1,300","23,125","2,684,430",,,
Creswell Middle Prep,4/6/2020,200,250,300,300,150,0,100,,"1,300","24,425","2,685,730",,,
Ascension Saint Thomas- Holy Family,4/7/2020,400,450,600,875,600,600,600,,"4,125","28,550","2,689,855",,,
NICE Highlands Apartments,4/6/2020,300,425,600,875,600,600,600,,"4,000","32,550","2,693,855",,,
Martha O'Bryan,4/6/2020,0,0,450,750,750,750,750,,"3,450","36,000","2,697,305",,,
KIPP Kirkpatrick Elementary,4/6/2020,0,0,0,300,300,250,250,,"1,100","37,100","2,698,405",,,
East Nashville Cooperative Ministry,4/6/2020,0,0,0,0,350,250,0,,600,"37,700","2,699,005",,,
Salvation Army,4/6/2020,0,0,250,250,150,250,200,,"1,100","38,800","2,700,105",,,
Apollo Middle School,4/7/2020,200,225,200,250,250,250,200,,"1,575","40,375","2,701,680",,,
Cole Elementary,4/7/2020,200,225,200,250,270,250,200,,"1,595","41,970","2,703,275",,,
Glencliff High School,4/7/2020,200,225,200,250,250,250,250,,"1,625","43,595","2,704,900",,,
Shwab Elementary School,4/7/2020,200,175,200,250,250,250,200,,"1,525","45,120","2,706,425",,,
Connectus Priest Lake,4/7/2020,200,225,300,375,300,250,250,,"1,900","47,020","2,708,325",,,
Paragon Mills Elementary,4/7/2020,200,200,300,375,300,250,250,,"1,875","48,895","2,710,200",,,
Antioch High School,4/7/2020,200,200,300,375,300,250,250,,"1,875","50,770","2,712,075",,,
Camp Widjiwagan YMCA,4/8/2020,300,200,200,250,200,150,125,,"1,425","52,195","2,713,500",,,
Napier Elementary,4/8/2020,300,200,200,250,200,150,150,,"1,450","53,645","2,714,950",,,
Lakeview Elementary,4/8/2020,300,200,200,250,200,150,150,,"1,450","55,095","2,716,400",,,
Dupont Elementary School,4/9/2020,0,300,300,300,200,250,150,,"1,500","56,595","2,717,900",,,
Madison Middle School,4/9/2020,0,0,0,300,300,250,200,,"1,050","57,645","2,718,950",,,
Stratford High School,4/9/2020,0,0,0,0,200,250,150,,600,"58,245","2,719,550",,,
Paragon Mills Elementary,4/13/2020,0,0,0,300,200,300,150,,950,"59,195","2,720,500",,,
KIPP Kirkpatrick Elementary,4/13/2020,300,0,300,0,300,250,150,,"1,300","60,495","2,721,800",,,
Ascension Saint Thomas- Holy Family,4/13/2020,1200,625,0,0,0,0,0,,"1,825","62,320","2,723,625",,,
Connectus Vine Hill,4/13/2020,200,600,600,600,600,600,600,,"3,800","66,120","2,727,425",,,
Glencliff High School,4/14/2020,200,300,300,525,750,750,650,,"3,475","69,595","2,730,900",,,
Buena Vista Elementary,4/14/2020,200,200,200,150,200,300,300,,"1,550","71,145","2,732,450",,,
Creswell Middle Prep,4/14/2020,200,200,200,150,200,300,300,,"1,550","72,695","2,734,000",,,
McKissick Middle School,4/14/2020,200,200,200,150,200,300,300,,"1,550","74,245","2,735,550",,,
Haywood Elementary,4/15/2020,200,300,300,500,600,650,600,,"3,150","77,395","2,738,700",,,
Cole Elementary,4/15/2020,200,300,300,500,600,650,600,,"3,150","80,545","2,741,850",,,
Antioch High School,4/15/2020,200,300,300,500,600,650,600,,"3,150","83,695","2,745,000",,,
H G Hill Middle School,4/15/2020,200,300,300,500,600,650,600,,"3,150","86,845","2,748,150",,,
McGavock High School,4/15/2020,200,300,300,500,600,650,600,,"3,150","89,995","2,751,300",,,
Hillwood High School,4/15/2020,200,300,300,500,600,650,600,,"3,150","93,145","2,754,450",,,
Shwab Elementary School,4/15/2020,0,0,300,0,300,650,450,,"1,700","94,845","2,756,150",,,
Legacy Mission Village,4/15/2020,600,576,768,1200,2500,2464,2232,,"10,340","105,185","2,766,490",,,
Stratford High School,4/16/2020,200,150,100,125,300,250,250,,"1,375","106,560","2,767,865",,,
Dupont Elementary School,4/16/2020,200,150,100,125,150,0,150,,875,"107,435","2,768,740",,,
Madison Middle School,4/16/2020,0,0,100,125,300,250,250,,"1,025","108,460","2,769,765",,,
Legacy Mission Village,4/17/2020,0,0,0,0,0,0,300,,300,"108,760","2,770,065",,,
Rose Park Middle School,4/17/2020,75,75,75,125,125,150,150,,775,"109,535","2,770,840",,,
Camp Widjiwagan YMCA,4/17/2020,0,0,0,125,150,150,150,,575,"110,110","2,771,415",,,
Lakeview Elementary,4/17/2020,75,75,75,125,150,150,150,,800,"110,910","2,772,215",,,
Paragon Mills Elementary,4/17/2020,75,75,75,125,150,200,150,,850,"111,760","2,773,065",,,
Napier Elementary,4/17/2020,0,0,0,0,150,150,0,,300,"112,060","2,773,365",,,
Joelton Middle School,4/20/2020,0,0,0,150,150,150,150,,600,"112,660","2,773,965",,,
Kipp Kirkpatrick Elementary,4/20/2020,0,200,200,200,200,250,200,,"1,250","113,910","2,775,215",,,
Glencliff High School,4/20/2020,400,400,500,600,700,750,650,,"4,000","117,910","2,779,215",,,
Hillwood High School,4/20/2020,400,400,500,575,700,750,650,,"3,975","121,885","2,783,190",,,
Haywood Elementary,4/21/2020,400,450,500,625,700,750,650,,"4,075","125,960","2,787,265",,,
Antioch High School,4/21/2020,200,375,300,500,600,750,600,,"3,325","129,285","2,790,590",,,
Camp Widjiwagan YMCA,4/21/2020,75,75,75,125,250,300,200,,"1,100","130,385","2,791,690",,,
Two Rivers Middle School,4/21/2020,75,75,75,125,150,150,150,,800,"131,185","2,792,490",,,
Cole Elementary,4/21/2020,75,75,75,225,300,300,200,,"1,250","132,435","2,793,740",,,
McGavock High School,4/22/2020,200,300,300,475,550,600,600,,"3,025","135,460","2,796,765",,,
Tusculum Elementary,4/22/2020,200,250,250,375,300,300,300,,"1,975","137,435","2,798,740",,,
Shwab Elementary School,4/22/2020,75,75,75,125,150,100,100,,700,"138,135","2,799,440",,,
Creswell Middle Prep,4/22/2020,200,150,250,125,150,100,150,,"1,125","139,260","2,800,565",,,
H G Hill Middle School,4/22/2020,75,75,75,125,150,100,100,,700,"139,960","2,801,265",,,
McKissick Middle School,4/22/2020,200,200,200,225,200,200,150,,"1,375","141,335","2,802,640",,,
Lakeview Elementary,4/22/2020,,,150,125,200,100,150,,725,"142,060","2,803,365",,,
Paragon Mills Elementary,4/22/2020,475,425,275,500,400,500,450,,"3,025","145,085","2,806,390",,,
NICE Highlands Apartments,4/22/2020,400,400,600,750,600,750,750,,"4,250","149,335","2,810,640",,,
Rose Park Middle School,4/23/2020,0,0,,0,0,100,150,,250,"149,585","2,810,890",,,
Madison Middle School,4/23/2020,75,75,75,150,150,150,150,,825,"150,410","2,811,715",,,
Dupont Elementary School,4/23/2020,75,75,75,150,150,100,150,,775,"151,185","2,812,490",,,
Stratford High School,4/23/2020,200,200,150,150,150,150,150,,"1,150","152,335","2,813,640",,,
Napier Elementary,4/23/2020,0,0,0,150,150,100,150,,550,"152,885","2,814,190",,,
Legacy Mission Village,4/23/2020,600,576,768,1200,2500,2464,2232,,"10,340","163,225","2,824,530",,,
Martha O'Bryan,4/24/2020,400,400,600,750,900,750,750,,"4,550","167,775","2,829,080",,,
Joelton Middle School,4/27/2020,0,0,0,0,150,0,150,,300,"168,075","2,829,380",,,
Kipp Kirkpatrick Elementary,4/27/2020,200,375,300,300,300,300,300,,"2,075","170,150","2,831,455",,,
Hillwood High School,4/27/2020,400,550,650,750,900,750,750,,"4,750","174,900","2,836,205",,,
Glencliff High School,4/27/2020,500,550,650,825,900,750,750,,"4,925","179,825","2,841,130",,,
Camp Widjiwagan YMCA,4/28/2020,75,200,175,300,300,300,150,,"1,500","181,325","2,842,630",,,
Antioch High School,4/28/2020,200,325,300,600,600,650,650,,"3,325","184,650","2,845,955",,,
Lakeview Elementary,4/28/2020,200,200,200,150,150,150,150,,"1,200","185,850","2,847,155",,,
Apollo Middle School,4/28/2020,75,75,75,150,100,200,150,,825,"186,675","2,847,980",,,
Cole Elementary,4/28/2020,75,75,75,150,300,300,300,,"1,275","187,950","2,849,255",,,
Haywood Elementary,4/28/2020,400,400,500,600,700,750,650,,"4,000","191,950","2,853,255",,,
Paragon Mills Elementary,4/28/2020,200,200,200,300,400,450,450,,"2,200","194,150","2,855,455",,,
Connectus Priest Lake,4/28/2020,200,600,600,600,600,600,600,,"3,800","197,950","2,859,255",,,
Connectus Vine Hill,4/28/2020,200,600,600,600,600,600,600,,"3,800","201,750","2,863,055",,,
McKissick Middle School,4/29/2020,200,250,200,250,200,200,150,,"1,450","203,200","2,864,505",,,
McGavock High School,4/29/2020,200,250,300,500,600,600,600,,"3,050","206,250","2,867,555",,,
H G Hill Middle School,4/29/2020,75,75,75,125,200,150,150,,850,"207,100","2,868,405",,,
Buena Vista Elementary,4/29/2020,0,0,0,0,200,150,150,,500,"207,600","2,868,905",,,
Shwab Elementary School,4/29/2020,75,75,75,125,200,150,150,,850,"208,450","2,869,755",,,
Creswell Middle Prep,4/29/2020,200,250,200,125,300,300,150,,"1,525","209,975","2,871,280",,,
Glenview Elementary,4/29/2020,200,200,200,625,600,750,750,,"3,325","213,300","2,874,605",,,
McGruder Family Resource Center,4/29/2020,0,0,0,100,400,350,400,,"1,250","214,550","2,875,855",,,
Madison Middle School,4/30/2020,200,225,150,300,300,300,300,,"1,775","216,325","2,877,630",,,
Dupont Elementary School,4/30/2020,0,150,100,300,300,300,150,,"1,300","217,625","2,878,930",,,
Stratford High School,4/30/2020,200,200,150,300,300,200,150,,"1,500","219,125","2,880,430",,,
Napier Elementary,4/30/2020,75,75,75,150,100,200,150,,825,"219,950","2,881,255",,,
Two Rivers Middle School,4/30/2020,75,75,75,150,100,200,150,,825,"220,775","2,882,080",,,
Rose Park Middle School,4/30/2020,0,0,0,150,100,300,150,,700,"221,475","2,882,780",,4429.5,"221,475"
Kipp Kirkpatrick Elementary,5/4/2020,75,75,175,200,300,200,250,,"1,275","1,275","2,884,055",,116,
Glencliff High School,5/4/2020,400,400,500,600,700,750,650,,"4,000","5,275","2,888,055",,,
Hillwood High School,5/4/2020,400,400,500,600,600,700,625,,"3,825","9,100","2,891,880",,,
Legacy Mission Village,5/4/2020,,,,,,,2000,,"2,000","11,100","2,893,880",,,
Camp Widjiwagan YMCA,5/5/2020,150,150,150,275,300,300,300,,"1,625","12,725","2,895,505",,,
Lakeview Elementary,5/5/2020,200,175,200,125,150,200,150,,"1,200","13,925","2,896,705",,,
Antioch High School,5/5/2020,200,300,300,500,600,600,600,,"3,100","17,025","2,899,805",,,
Cole Elementary,5/5/2020,75,75,75,125,250,300,300,,"1,200","18,225","2,901,005",,,
Paragon Mills Elementary,5/5/2020,200,300,200,300,300,300,300,,"1,900","20,125","2,902,905",,,
Haywood Elementary,5/5/2020,400,450,500,600,600,750,700,,"4,000","24,125","2,906,905",,,
Jere Baxter Middle School,5/5/2020,1000,1000,1000,1300,1200,1150,1300,,"7,950","32,075","2,914,855",,,
Catholic Charities,5/5/2020,600,600,750,750,800,750,800,,"5,050","37,125","2,919,905",,,
McGavock High School,5/6/2020,200,300,300,500,600,600,600,,"3,100","40,225","2,923,005",,,
McKissick Middle School,5/6/2020,275,225,275,200,200,200,150,,"1,525","41,750","2,924,530",,,
Creswell Middle Prep,5/6/2020,200,150,200,125,150,150,150,,"1,125","42,875","2,925,655",,,
H G Hill Middle School,5/6/2020,75,75,75,125,100,100,150,,700,"43,575","2,926,355",,,
Buena Vista Elementary,5/6/2020,75,75,75,125,100,100,150,,700,"44,275","2,927,055",,,
Shwab Elementary School,5/6/2020,0,0,0,0,100,100,150,,350,"44,625","2,927,405",,,
Glenview Elementary,5/6/2020,200,300,200,625,600,800,750,,"3,475","48,100","2,930,880",,,
NICE Highlands Apartments,5/7/2020,200,450,600,700,750,750,750,,"4,200","52,300","2,935,080",,,
Napier Elementary,5/7/2020,0,0,,125,200,150,150,,625,"52,925","2,935,705",,,
Rose Park Middle School,5/7/2020,0,0,0,0,200,200,200,,600,"53,525","2,936,305",,,
Two Rivers Middle School,5/7/2020,75,75,75,125,200,150,150,,850,"54,375","2,937,155",,,
Stratford High School,5/7/2020,200,150,150,125,200,150,150,,"1,125","55,500","2,938,280",,,
Dupont Elementary School,5/7/2020,75,75,75,125,200,150,150,,850,"56,350","2,939,130",,,
Madison Middle School,5/7/2020,75,75,75,125,200,150,150,,850,"57,200","2,939,980",,,
Ascension Saint Thomas- Holy Family,5/8/2020,720,600,700,600,600,600,600,,"4,420","61,620","2,944,400",,,
Hispanic Family Foundation,5/9/2020,300,300,250,250,400,600,600,,"2,700","64,320","2,947,100",,,
Kipp Kirkpatrick Elementary,5/11/2020,75,75,75,125,150,200,150,,850,"65,170","2,947,950",,,
Martha O'Bryan,5/11/2020,600,600,800,800,800,750,750,,"5,100","70,270","2,953,050",,,
Hillwood High School,5/11/2020,200,300,200,250,600,300,300,,"2,150","72,420","2,955,200",,,
Glencliff High School,5/11/2020,400,450,600,600,700,750,750,,"4,250","76,670","2,959,450",,,
Joelton Middle School,5/11/2020,0,0,0,150,200,0,0,,350,"77,020","2,959,800",,,
Antioch High School,5/12/2020,350,450,450,700,800,850,950,,"4,550","81,570","2,964,350",,,
Paragon Mills Elementary,5/12/2020,250,300,200,300,300,300,300,,"1,950","83,520","2,966,300",,,
Haywood Elementary,5/12/2020,300,450,500,600,700,750,650,,"3,950","87,470","2,970,250",,,
Cole Elementary,5/12/2020,0,0,150,125,300,250,300,,"1,125","88,595","2,971,375",,,
Camp Widjiwagan YMCA,5/12/2020,200,150,200,125,200,200,150,,"1,225","89,820","2,972,600",,,
Lakeview Elementary,5/12/2020,200,150,200,125,150,200,150,,"1,175","90,995","2,973,775",,,
Connectus Vine Hill,5/12/2020,300,600,625,750,700,750,750,,"4,475","95,470","2,978,250","660,775","696,200",
Connectus Priest Lake,5/12/2020,600,600,625,600,600,600,650,,"4,275","99,745","2,982,525","35,425",70850,
McGavock High School,5/13/2020,200,300,450,625,750,750,750,,"3,825","103,570","2,986,350",,,
McKissick Middle School,5/13/2020,200,150,200,250,200,200,150,,"1,350","104,920","2,987,700",,,
H G Hill Middle School,5/13/2020,75,75,75,125,200,200,150,,900,"105,820","2,988,600",,,
Hillwood High School,5/13/2020,0,0,0,0,0,300,300,,600,"106,420","2,989,200",,250000,
Shwab Elementary School,5/13/2020,75,75,75,125,200,200,150,,900,"107,320","2,990,100",,74000,
Glenview Elementary,5/13/2020,200,300,200,600,600,750,750,,"3,400","110,720","2,993,500",,3.378378378,
Hermitage United Methodist Church,5/13/2020,200,200,200,125,150,150,150,,"1,175","111,895","2,994,675",,,
Two Rivers Middle School,5/14/2020,0,0,0,250,200,200,150,,800,"112,695","2,995,475",,,
Stratford High School,5/14/2020,200,150,150,125,200,200,150,,"1,175","113,870","2,996,650",,,
Madison Middle School,5/14/2020,75,75,75,125,200,200,150,,900,"114,770","2,997,550",,,
Dupont Elementary School,5/14/2020,75,75,75,100,100,100,150,,675,"115,445","2,998,225",,,
Napier Elementary,5/14/2020,75,75,75,100,100,100,150,,675,"116,120","2,998,900",,,
Rose Park Middle School,5/14/2020,75,75,75,125,100,150,150,,750,"116,870","2,999,650",,,
Legacy Mission Village,5/14/2020,546,544,768,1238,2598,2992,2376,,"11,062","127,932","3,010,712","692,712","457,138",
Andrea Hollis,5/15/2020,0,0,0,0,46,0,0,,46,"127,978","3,010,758",,,
Kipp Kirkpatrick Elementary,5/18/2020,0,0,0,200,300,300,300,,"1,100","129,078","3,011,858",,,
Hillwood High School,5/18/2020,0,0,0,0,800,800,750,,"2,350","131,428","3,014,208",,,
Glencliff High School,5/18/2020,600,600,800,900,1100,1100,1150,,"6,250","137,678","3,020,458",,,
Woodmont Baptist Church,5/18/2020,0,0,0,0,0,0,150,,150,"137,828","3,020,608","702,608",156135.1111,
Lakeview Elementary,5/19/2020,200,200,200,150,200,200,150,,"1,300","139,128","3,021,908",,,
Camp Widjiwagan YMCA,5/19/2020,75,75,75,150,200,200,150,,925,"140,053","3,022,833",,,
Paragon Mills Elementary,5/19/2020,200,200,200,300,300,300,300,,"1,800","141,853","3,024,633",,,
Cole Elementary,5/19/2020,0,200,200,200,300,300,300,,"1,500","143,353","3,026,133",,,
Antioch High School,5/19/2020,200,300,300,500,600,700,650,,"3,250","146,603","3,029,383",,,
NICE Highlands Apartments,5/19/2020,200,200,600,750,800,800,900,,"4,250","150,853","3,033,633",,,
YWCA,5/19/2020,0,0,0,0,300,300,300,,900,"151,753","3,034,533",,,
McGavock High School,5/20/2020,200,200,450,650,800,750,750,,"3,800","155,553","3,038,333",,,
McKissick Middle School,5/20/2020,0,0,0,0,100,200,150,,450,"156,003","3,038,783",,,
H G Hill Middle School,5/20/2020,175,75,75,125,200,200,150,,"1,000","157,003","3,039,783",,,
Buena Vista Elementary,5/20/2020,75,75,75,125,200,200,150,,900,"157,903","3,040,683",,,
Shwab Elementary School,5/20/2020,75,75,75,125,200,200,150,,900,"158,803","3,041,583",,,
Creswell Middle Prep,5/20/2020,100,200,200,150,200,200,150,,"1,200","160,003","3,042,783",,,
Glenview Elementary,5/20/2020,200,200,200,600,600,750,750,,"3,300","163,303","3,046,083",,,
Legacy Mission Village,5/21/2020,512,576,736,1280,2592,2604,2508,,"10,808","174,111","3,056,891",,,
Rose Park Middle School,5/21/2020,150,150,150,200,200,200,300,,"1,350","175,461","3,058,241",,,
Madison Middle School,5/21/2020,200,200,200,200,200,200,300,,"1,500","176,961","3,059,741",,,
Dupont Elementary School,5/21/2020,200,200,200,200,200,200,300,,"1,500","178,461","3,061,241",,,
Stratford High School,5/21/2020,150,150,150,200,200,200,300,,"1,350","179,811","3,062,591",,,
Two Rivers Middle School,5/21/2020,150,150,150,200,200,200,300,,"1,350","181,161","3,063,941",,,
Napier Elementary,5/21/2020,150,150,150,200,200,200,300,,"1,350","182,511","3,065,291",,,
Glencliff High School,5/22/2020,400,0,0,600,700,750,750,,"3,200","185,711","3,068,491",,,
Hillwood High School,5/22/2020,475,475,500,600,700,750,650,,"4,150","189,861","3,072,641",,,
Martha O'Bryan,5/22/2020,600,600,800,800,800,750,750,,"5,100","194,961","3,077,741",,,
Haywood Elementary,5/26/2020,300,450,500,600,700,700,650,,"3,900","198,861","3,081,641",,,
Paragon Mills Elementary,5/26/2020,200,200,200,300,300,300,300,,"1,800","200,661","3,083,441",,,
Cole Elementary,5/26/2020,75,75,75,200,250,250,275,,"1,200","201,861","3,084,641",,,
Antioch High School,5/26/2020,200,300,300,500,600,650,600,,"3,150","205,011","3,087,791",,,
Lakeview Elementary,5/26/2020,200,250,100,150,200,200,150,,"1,250","206,261","3,089,041",,,
Camp Widjiwagan YMCA,5/26/2020,75,75,75,150,450,150,150,,"1,125","207,386","3,090,166",,,
Glengarry Elementary,5/26/2020,200,200,200,300,300,300,300,,"1,800","209,186","3,091,966",,,
Connectus Vine Hill,5/26/2020,500,600,600,700,700,750,750,,"4,600","213,786","3,096,566",,,
Connectus Priest Lake,5/26/2020,500,600,600,600,600,600,600,,"4,100","217,886","3,100,666",,,
McGavock High School,5/27/2020,300,200,450,650,700,700,750,,"3,750","221,636","3,104,416",,,
H G Hill Middle School,5/27/2020,0,0,0,0,0,100,0,,100,"221,736","3,104,516",,,
Buena Vista Elementary,5/27/2020,0,0,0,0,0,100,0,,100,"221,836","3,104,616",,,
Shwab Elementary School,5/27/2020,0,150,100,125,200,200,150,,925,"222,761","3,105,541",,,
Creswell Middle Prep,5/27/2020,200,0,100,125,200,200,150,,975,"223,736","3,106,516",,,
McKissick Middle School,5/27/2020,0,0,100,200,200,200,300,,"1,000","224,736","3,107,516",,,
Glenview Elementary,5/27/2020,300,300,300,600,600,700,750,,"3,550","228,286","3,111,066",,,
Monroe Harding,5/27/2020,0,450,450,600,900,750,750,480,"4,380","232,666","3,115,446",,,
Hispanic Family Foundation,5/28/2020,300,300,250,250,400,600,650,,"2,750","235,416","3,118,196",,,
Nurses for Newborns,5/28/2020,300,0,0,0,0,0,0,,300,"235,716","3,118,496",,2828592,"235,716"
McKissick Middle School,6/1/2020,300,300,500,600,800,700,700,,"3,900","3,900","3,122,396",,103,4714.32
Kipp Kirkpatrick Elementary,6/1/2020,200,300,300,400,300,400,400,,"2,300","6,200","3,124,696",,,
Hillwood High School,6/1/2020,400,450,500,600,700,700,650,,"4,000","10,200","3,128,696",,,
Glencliff High School,6/1/2020,400,450,500,600,700,700,650,,"4,000","14,200","3,132,696","579,122",,
Haywood Elementary,6/2/2020,400,450,500,600,700,750,650,,"4,050","18,250","3,136,746","401,196",,
Glengarry Elementary,6/2/2020,200,150,200,300,300,300,300,,"1,750","20,000","3,138,496","4,475",,
Camp Widjiwagan YMCA,6/2/2020,75,75,75,150,150,150,150,,825,"20,825","3,139,321","622,122",85714,
Cole Elementary,6/2/2020,100,150,150,150,350,350,350,,"1,600","22,425","3,140,921",,0.137776835,
Lakeview Elementary,6/2/2020,200,150,200,150,150,150,150,,"1,150","23,575","3,142,071",,,
Antioch High School,6/2/2020,225,300,300,550,600,650,650,,"3,275","26,850","3,145,346",,,
Paragon Mills Elementary,6/2/2020,200,300,200,300,300,300,300,,"1,900","28,750","3,147,246",,,
McGavock High School,6/3/2020,200,300,450,700,750,750,750, ,"3,900","32,650","3,151,146",,,
McKissick Middle School,6/3/2020,200,150,200,200,200,200,200,,"1,350","32,650","3,151,146",,,
Creswell Middle Prep,6/3/2020,0,0,0,150,0,150,200,,500,"33,150","3,151,646",,,
Shwab Elementary School,6/3/2020,75,75,75,150,200,150,200,,925,"34,075","3,152,571",,,
McGruder Family Resource Center,6/3/2020,0,0,0,0,0,400,400,,800,"34,875","3,153,371",,,
Madison Middle School,6/4/2020,0,0,200,300,400,400,450,,"1,750","36,625","3,155,121",,,
Dupont Elementary School,6/4/2020,100,150,175,150,200,200,200,,"1,175","37,800","3,156,296",,,
Stratford High School,6/4/2020,100,150,150,300,300,300,300,,"1,600","39,400","3,157,896",,,
Two Rivers Middle School,6/4/2020,100,150,200,300,300,300,300,,"1,650","41,050","3,159,546",,,
Napier Elementary,6/4/2020,100,150,150,300,300,300,300,,"1,600","42,650","3,161,146",,,
Rose Park Middle School,6/4/2020,0,0,0,0,300,300,300,,900,"43,550","3,162,046",,,
NICE Highlands Apartments,6/4/2020,400,450,600,750,600,700,750,,"4,250","47,800","3,166,296",,,
Glenview Elementary,6/8/2020,200,200,200,600,600,700,600,,"3,100","50,900","3,169,396",,,
Hillwood High School,6/8/2020,100,100,200,400,600,750,650,,"2,800","53,700","3,172,196",,,
Glencliff High School,6/8/2020,300,400,500,600,700,750,650,,"3,900","57,600","3,176,096",,,
Haywood Elementary,6/9/2020,400,450,500,600,700,700,600,,"3,950","61,550","3,180,046",,,
Paragon Mills Elementary,6/9/2020,250,200,200,300,300,400,450,,"2,100","63,650","3,182,146",,,
Cole Elementary,6/9/2020,100,100,100,150,250,250,250,,"1,200","64,850","3,183,346",,,
Antioch High School,6/9/2020,300,300,300,500,600,650,600,,"3,250","68,100","3,186,596",,,
Lakeview Elementary,6/9/2020,0,0,0,200,300,300,300,,"1,100","69,200","3,187,696",,,
Camp Widjiwagan YMCA,6/9/2020,75,75,75,150,200,150,200,,925,"70,125","3,188,621",,,
Glengarry Elementary,6/9/2020,75,75,75,150,200,150,200,,925,"71,050","3,189,546",,,
YWCA,6/9/2020,0,0,0,0,300,300,0,,600,"71,650","3,190,146",,,
McGavock High School,6/10/2020,200,200,500,650,700,750,750,,"3,750","75,400","3,193,896",,,
Buena Vista Elementary,6/10/2020,75,75,75,150,150,150,100,,775,"76,175","3,194,671",,,
Shwab Elementary School,6/10/2020,75,75,75,100,100,100,100,,625,"76,800","3,195,296",,,
Creswell Middle Prep,6/10/2020,75,75,75,200,200,200,200,,"1,025","77,825","3,196,321",,,
McKissick Middle School,6/10/2020,375,425,375,500,500,500,500,,"3,175","81,000","3,199,496",,,
Martha O'Bryan,6/10/2020,0,0,0,0,600,600,600,,"1,800","82,800","3,201,296",,,
McGruder Family Resource Center,6/10/2020,0,0,0,300,0,0,0,,300,"83,100","3,201,596",,,
Legacy Mission Village,6/10/2020,512,648,736,1280,2592,2480,2250,,"10,498","93,598","3,212,094","895,444",,
Connectus Priest Lake,6/10/2020,500,600,600,600,600,600,600,,"4,100","97,698","3,216,194",,,
John Early Museum Magnet MS,6/11/2020,100,250,200,200,200,200,200,,"1,350","99,048","3,217,544","900,894",,
Kipp Kirkpatrick Elementary,6/15/2020,75,75,200,300,300,400,400,,"1,750","100,798","3,219,294",,,
Martha O'Bryan,6/15/2020,0,0,0,0,800,750,750,,"2,300","103,098","3,221,594",,,
Hillwood High School,6/15/2020,0,100,100,200,600,750,600,,"2,350","105,448","3,223,944",,,
Glencliff High School,6/15/2020,400,450,500,600,700,750,600,,"4,000","109,448","3,227,944",,,
Glenview Elementary,6/15/2020,250,225,200,400,400,600,600,,"2,675","112,123","3,230,619",,,
Andrea Hollis,6/15/2020,,,,,100,,,,100,"112,223","3,230,719",,,
Haywood Elementary,6/16/2020,250,400,500,600,600,600,600,,"3,550","115,773","3,234,269",,,
Paragon Mills Elementary,6/16/2020,100,200,200,300,300,300,300,,"1,700","117,473","3,235,969",,,
Cole Elementary,6/16/2020,75,75,75,200,300,350,350,,"1,425","118,898","3,237,394",,,
Antioch High School,6/16/2020,300,300,300,500,600,650,600,,"3,250","122,148","3,240,644",,,
Lakeview Elementary,6/16/2020,75,75,75,100,150,200,200,,875,"123,023","3,241,519",,,
Camp Widjiwagan YMCA,6/16/2020,75,75,75,150,150,150,100,,775,"123,798","3,242,294",,,
Glengarry Elementary,6/16/2020,75,75,75,150,150,150,100,,775,"124,573","3,243,069",,,
McGavock High School,6/17/2020,200,200,450,600,600,600,600,,"3,250","127,823","3,246,319",,,
McKissick Middle School,6/17/2020,150,250,350,200,200,200,200,,"1,550","129,373","3,247,869",,,
H G Hill Middle School,6/17/2020,75,75,75,150,150,200,150,,875,"130,248","3,248,744",,,
Creswell Middle Prep,6/17/2020,100,0,0,150,150,200,100,,700,"130,948","3,249,444",,,
Shwab Elementary School,6/17/2020,0,0,0,150,150,200,100,,600,"131,548","3,250,044",,,
Buena Vista Elementary,6/17/2020,75,75,75,150,150,200,100,,825,"132,373","3,250,869",,,
NICE Highlands Apartments,6/17/2020,400,400,600,750,600,750,750,,"4,250","136,623","3,255,119",,,
Legacy Mission Village,6/17/2020,512,648,736,1280,2592,2480,2250,,"10,498","147,121","3,265,617","958,092","41,908",
Madison Middle School,6/18/2020,0,125,100,400,375,400,400,,"1,800","148,921","3,267,417",,,
Dupont Elementary School,6/18/2020,75,75,75,400,400,400,350,,"1,775","150,696","3,269,192",,,
Stratford High School,6/18/2020,200,200,200,300,300,300,300,,"1,800","152,496","3,270,992",,,
Two Rivers Middle School,6/18/2020,150,150,150,300,300,300,300,,"1,650","154,146","3,272,642",,,
Napier Elementary,6/18/2020,100,200,200,300,300,300,300,,"1,700","155,846","3,274,342",,,
Rose Park Middle School,6/18/2020,0,0,0,0,0,200,200,,400,"156,246","3,274,742",,,
Hillwood High School,6/22/2020,400,400,500,600,700,750,750,,"4,100","160,346","3,278,842",,,
Glencliff High School,6/22/2020,300,400,500,600,700,700,750,,"3,950","164,296","3,282,792",,,
Haywood Elementary,6/23/2020,400,400,500,600,700,700,750,,"4,050","168,346","3,286,842",,,
Cole Elementary,6/23/2020,200,200,300,300,300,300,250,,"1,850","170,196","3,288,692",,,
Antioch High School,6/23/2020,200,300,300,500,600,650,650,,"3,200","173,396","3,291,892",,,
Lakeview Elementary,6/23/2020,100,125,100,150,250,250,250,,"1,225","174,621","3,293,117",,,
Connectus Priest Lake,6/23/2020,250,600,600,600,600,600,600,,"3,850","178,471","3,296,967","26,725",,
Connectus Vine Hill,6/23/2020,400,600,600,700,700,750,750,,"4,500","182,971","3,301,467","34,225",,
McGavock High School,6/24/2020,200,200,450,600,750,700,750,,"3,650","186,621","3,305,117",,,
H G Hill Middle School,6/24/2020,75,75,75,150,150,150,100,,775,"187,396","3,305,892",,,
Shwab Elementary School,6/24/2020,0,0,0,150,300,250,250,,950,"188,346","3,306,842",,,
Creswell Middle Prep,6/24/2020,0,0,0,200,200,200,200,,800,"189,146","3,307,642",,,
McKissick Middle School,6/24/2020,0,125,100,200,200,200,200,,"1,025","190,171","3,308,667",,,
Buena Vista Elementary,6/24/2020,100,100,100,200,200,200,100,,"1,000","191,171","3,309,667",,,
Rose Park Middle School,6/24/2020,0,200,200,0,0,0,0,,400,"191,571","3,310,067",,,
Monroe Harding,6/24/2020,0,225,375,750,400,900,500,424,"3,574","195,145","3,313,641",,,
John Early Museum Magnet MS,6/25/2020,200,200,400,600,600,600,600,,"3,200","198,345","3,316,841",,,
Hispanic Family Foundation,6/25/2020,400,600,600,800,700,950,950,,"5,000","203,345","3,321,841","1,005,191",,
Haywood Elementary,6/29/2020,450,450,500,600,700,750,650,,"4,100","207,445","3,325,941",,,
Cole Elementary,6/29/2020,75,75,75,150,300,250,250,,"1,175","208,620","3,327,116",,,
Antioch High School,6/29/2020,200,300,300,500,600,600,600,,"3,100","211,720","3,330,216",,,
Lakeview Elementary,6/29/2020,0,0,0,150,200,200,200,,750,"212,470","3,330,966",,,
Glencliff High School,6/29/2020,400,375,475,600,700,750,600,,"3,900","216,370","3,334,866",,,
Hillwood High School,6/29/2020,100,150,300,400,600,600,600,,"2,750","219,120","3,337,616",,,
Martha O'Bryan,6/29/2020,0,0,0,0,800,800,750,,"2,350","221,470","3,339,966",,,
Connectus Vine Hill,6/30/2020,100,300,425,550,250,1600,1350,,"4,575","226,045","3,344,541",,,
Legacy Mission Village,6/30/2020,0,0,0,0,0,0,1450,,"1,450","227,495","3,345,991","1,029,341",,"227,495"
McGavock High School,7/1/2020,300,200,450,650,750,750,750,,"3,850","3,850","3,349,841","790,125",189630,4549.9
H G Hill Middle School,7/1/2020,0,0,0,100,100,100,100,,400,"4,250","3,350,241",98,,
Buena Vista Elementary,7/1/2020,0,100,100,125,200,200,150,,875,"5,125","3,351,116",,,
Shwab Elementary School,7/1/2020,0,100,100,125,200,200,200,,925,"6,050","3,352,041",,,
Creswell Middle Prep,7/1/2020,0,100,100,125,100,100,100,,625,"6,675","3,352,666",,,
McKissick Middle School,7/1/2020,0,0,0,100,100,100,200,,500,"7,175","3,353,166",,,
Madison Middle School,7/2/2020,150,150,150,400,600,600,600,,"2,650","9,825","3,355,816",,,
Dupont Elementary School,7/2/2020,150,150,150,400,600,600,600,,"2,650","12,475","3,358,466",,,
Stratford High School,7/2/2020,150,150,150,300,400,400,600,,"2,150","14,625","3,360,616",,,
Two Rivers Middle School,7/2/2020,150,150,150,300,400,400,400,,"1,950","16,575","3,362,566",,,
Napier Elementary,7/2/2020,200,200,200,300,400,400,400,,"2,100","18,675","3,364,666",,34000175,
Rose Park Middle School,7/2/2020,75,75,75,150,200,200,200,,975,"19,650","3,365,641",,,
NICE Highlands Apartments,7/2/2020,400,500,600,800,800,800,800,,"4,700","24,350","3,370,341","818,117","134,814",
Hillwood High School,7/6/2020,200,300,400,600,600,600,600,,"3,300","27,650","3,373,641",,,
Glencliff High School,7/6/2020,400,450,450,600,750,750,600,,"4,000","31,650","3,377,641","825,417",,
Haywood Elementary,7/7/2020,0,400,500,600,700,700,600,,"3,500","35,150","3,381,141",,,
Antioch High School,7/7/2020,200,300,300,500,600,600,600,,"3,100","38,250","3,384,241",,,
Lakeview Elementary,7/7/2020,150,200,200,250,250,200,200,,"1,450","39,700","3,385,691",,,
Connectus Priest Lake,7/7/2020,0,0,0,0,600,0,0,,600,"40,300","3,386,291",67725.82,"1,069,641",
McGruder Family Resource Center,7/8/2020,0,0,0,200,250,250,250,,950,"41,250","3,387,241",,,
McGavock High School,7/8/2020,0,200,400,600,700,850,850,,"3,600","44,850","3,390,841",,,
H G Hill Middle School,7/8/2020,0,0,100,0,0,200,200,,500,"45,350","3,391,341",,,
Buena Vista Elementary,7/8/2020,0,100,100,125,150,200,200,,875,"46,225","3,392,216",,,
Shwab Elementary School,7/8/2020,0,100,100,150,150,200,200,,900,"47,125","3,393,116",,,
Creswell Middle Prep,7/8/2020,0,0,100,0,150,200,200,,650,"47,775","3,393,766",,,
McKissick Middle School,7/8/2020,0,0,100,150,150,150,150,,700,"48,475","3,394,466","842,242",,
Legacy Mission Village,7/9/2020,576,576,736,1280,2576,3984,4002,,"13,730","62,205","3,408,196","1,091,546",,
Antioch High School,7/13/2020,200,300,300,500,600,650,600,,"3,150","65,355","3,411,346",,,
Hillwood High School,7/13/2020,100,200,300,400,600,600,600,,"2,800","68,155","3,414,146",,"62,205",
Glencliff High School,7/13/2020,300,400,500,600,600,750,750,,"3,900","72,055","3,418,046",,,
Haywood Elementary,7/13/2020,0,400,500,600,600,750,750,,"3,600","75,655","3,421,646",,,
Lakeview Elementary,7/13/2020,0,100,100,125,150,150,150,,775,"76,430","3,422,421",,,
Martha O'Bryan,7/13/2020,0,0,0,0,800,750,850,,"2,400","78,830","3,424,821",,,
YWCA,7/14/2020,0,0,0,375,0,0,300,,675,"79,505","3,425,496",,,
McGavock High School,7/15/2020,200,200,450,600,600,750,750,,"3,550","83,055","3,429,046",,,
H G Hill Middle School,7/15/2020,0,100,100,100,0,100,100,,500,"83,555","3,429,546",,,
Buena Vista Elementary,7/15/2020,150,125,100,100,100,100,100,,775,"84,330","3,430,321",,,
Creswell Middle Prep,7/15/2020,0,0,100,0,150,100,150,,500,"84,830","3,430,821",,,
McKissick Middle School,7/15/2020,0,100,100,100,150,100,150,,700,"85,530","3,431,521",,,
Shwab Elementary School,7/15/2020,0,125,100,100,150,100,150,,725,"86,255","3,432,246",,,
Madison Middle School,7/16/2020,75,200,175,400,400,500,500,,"2,250","88,505","3,434,496",,,
Dupont Elementary School,7/16/2020,75,200,175,400,400,500,500,,"2,250","90,755","3,436,746",,,
Stratford High School,7/16/2020,75,200,175,300,400,400,400,,"1,950","92,705","3,438,696",,,
Two Rivers Middle School,7/16/2020,0,0,150,300,300,400,400,,"1,550","94,255","3,440,246",,,
Napier Elementary,7/16/2020,75,200,175,400,400,500,500,,"2,250","96,505","3,442,496",,,
NICE Highlands Apartments,7/16/2020,400,500,600,750,750,800,850,,"4,650","101,155","3,447,146",,,
Legacy Mission Village,7/16/2020,576,576,736,1200,2592,2496,2254,,"10,430","111,585","3,457,576",,,
Andrea Hollis,7/17/2020,,,,,150,,,,150,"111,735","3,457,726","1,141,076","32,945",
Haywood Elementary,7/20/2020,0,400,500,600,600,700,700,,"3,500","115,235","3,461,226",,,
Antioch High School,7/20/2020,200,300,300,500,600,600,600,,"3,100","118,335","3,464,326",,,
Lakeview Elementary,7/20/2020,0,150,150,150,150,200,300,,"1,100","119,435","3,465,426",,,
Glencliff High School,7/20/2020,250,400,500,600,600,600,600,,"3,550","122,985","3,468,976",,,
Connectus Priest Lake,7/20/2020,0,0,0,0,0,0,600,,600,"123,585","3,469,576",,,
Hillwood High School,7/20/2020,0,200,400,400,600,600,600,,"2,800","126,385","3,472,376",,,
Connectus Vine Hill,7/21/2020,0,0,0,0,700,750,0,,"1,450","127,835","3,473,826",,,
Catholic Charities,7/21/2020,650,700,700,1000,1000,1000,1000,,"6,050","133,885","3,479,876","1,163,226",,
McGavock High School,7/22/2020,200,200,450,600,600,800,750,,"3,600","137,485","3,483,476",,,
McKissick Middle School,7/22/2020,200,225,0,400,200,200,200,,"1,425","138,910","3,484,901",,,
Shwab Elementary School,7/22/2020,75,75,75,150,150,200,125,,850,"139,760","3,485,751",,,
Connectus Vine Hill,7/22/2020,0,0,0,0,700,750,0,,"1,450","141,210","3,487,201",,,
Monroe Harding,7/22/2020,200,0,0,450,600,600,1250,370,"3,470","144,680","3,490,671",,,
Hispanic Family Foundation,7/23/2020,300,400,500,800,800,1200,1000,,"5,000","149,680","3,495,671","1,179,021",,
Lakeview Elementary,7/27/2020,0,275,300,300,275,300,300,,"1,750","151,430","3,497,421",,,
Glencliff High School,7/27/2020,200,400,500,600,600,600,600,,"3,500","154,930","3,500,921",,,
Haywood Elementary,7/27/2020,0,425,500,600,600,600,600,,"3,325","158,255","3,504,246",,,
Cole Elementary,7/27/2020,0,200,200,200,300,300,300,,"1,500","159,755","3,505,746",,,
Antioch High School,7/27/2020,0,375,300,600,600,600,600,,"3,075","162,830","3,508,821",,,
Hillwood High School,7/27/2020,0,200,300,600,600,600,600,,"2,900","165,730","3,511,721",,,
Martha O'Bryan,7/27/2020,0,0,0,0,600,600,600,,"1,800","167,530","3,513,521",,,
Stratford High School,7/29/2020,0,200,200,200,200,200,200,,"1,200","168,730","3,514,721",,,
Shwab Elementary School,7/29/2020,0,100,100,200,200,200,200,,"1,000","169,730","3,515,721",,,
McGavock High School,7/29/2020,0,250,450,600,600,600,600,,"3,100","172,830","3,518,821",,0.004337433,
Glenview Elementary,7/30/2020,0,300,400,600,600,700,700,,"3,300","176,130","3,522,121",,,
NICE Highlands Apartments,7/30/2020,200,400,600,600,600,800,800,,"4,000","180,130","3,526,121","1,209,471",,"180,130"
Haywood Elementary,8/3/2020,200,300,400,600,600,600,600,,"3,300","3,300","3,529,421",,,3602.6
Antioch High School,8/3/2020,200,400,500,600,600,600,600,,"3,500","6,800","3,532,921",,,74
BlueCross BlueShield of Tennessee,8/3/2020,,,2500,,,1250,,,"3,750","10,550","3,536,671",,,
Glencliff High School,8/3/2020,200,300,400,600,600,600,600,,"3,300","13,850","3,539,971",,"13,850",
Catholic Charities,8/4/2020,650,700,700,1000,1000,1000,1000,,"6,050","19,900","3,546,021",,,
Hillwood High School,8/4/2020,0,200,300,400,600,600,600,,"2,700","22,600","3,548,721",,,
McGavock High School,8/5/2020,0,400,500,500,600,600,600,,"3,200","25,800","3,551,921",,,
Connectus Priest Lake,8/6/2020,0,0,0,300,500,500,500,,"1,800","27,600","3,553,721",,,
Legacy Mission Village,8/6/2020,576,576,736,1200,2496,2464,2460,,"10,508","38,108","3,564,229",,,
Hispanic Family Foundation,8/6/2020,200,400,600,800,800,1200,1000,,"5,000","43,108","3,569,229",,,
Connectus Vine Hill,8/7/2020,200,200,500,475,850,1300,1250,,"4,775","47,883","3,574,004",,71480.08,
Hillwood High School,8/10/2020,0,400,400,450,600,600,600,,"3,050","50,933","3,577,054",,,
Haywood Elementary,8/10/2020,0,400,400,500,600,600,600,,"3,100","54,033","3,580,154",,,
Antioch High School,8/10/2020,150,300,300,450,600,600,600,,"3,000","57,033","3,583,154",,,
Glencliff High School,8/10/2020,150,400,400,500,600,600,600,,"3,250","60,283","3,586,404",,,
Matthew Walker Comprehensive Health Center,8/11/2020,75,75,275,375,250,550,525,,"2,125","62,408","3,588,529",,,
Matthew Walker Comprehensive Health Center,8/11/2020,225,325,225,125,550,250,275,,"1,975","64,383","3,590,504",,,
McGavock High School,8/12/2020,0,400,450,500,600,600,600,,"3,150","67,533","3,593,654",,,
Jones Paideia Elementary Magnet School,8/12/2020,0,200,200,300,300,300,350,,"1,650","69,183","3,595,304",,,
Shwab Elementary School,8/12/2020,0,200,200,300,300,300,350,,"1,650","70,833","3,596,954",,,
Stratford High School,8/13/2020,0,200,200,300,300,300,375,,"1,675","72,508","3,598,629",,,
Tom Joy Elementary,8/13/2020,150,300,300,300,300,300,300,,"1,950","74,458","3,600,579",,,
Legacy Mission Village,8/13/2020,432,648,750,1200,2520,2576,2520,,"10,646","85,104","3,611,225",,294048,
NICE Highlands Apartments,8/13/2020,200,500,600,700,900,1000,1000,,"4,900","90,004","3,616,125",,,
Martha O'Bryan,8/14/2020,0,0,0,0,600,600,625,,"1,825","91,829","3,617,950",,,
Nikki Mitchell Foundation,8/17/2020,0,0,0,0,0,100,100,,200,"92,029","3,618,150",,,
Haywood Elementary,8/17/2020,0,400,500,600,700,700,700,,"3,600","95,629","3,621,750",,,
Antioch High School,8/17/2020,0,400,500,600,600,700,700,,"3,500","99,129","3,625,250",,,
Glencliff High School,8/17/2020,0,400,500,600,600,700,700,,"3,500","102,629","3,628,750",,,
Meharry Pediatric Clinic,8/17/2020,300,300,300,300,300,300,200,,"2,000","104,629","3,630,750",,,
Ida B Wells Elementary,8/18/2020,0,300,300,200,300,300,300,,"1,700","106,329","3,632,450",,,
Hillwood High School,8/18/2020,0,400,400,500,600,700,700,,"3,300","109,629","3,635,750",,,
Monroe Harding,8/18/2020,150,0,0,300,300,450,1375,412,"2,987","112,616","3,638,737",,,
Nurses for Newborns,8/18/2020,250,0,0,0,0,0,0,,250,"112,866","3,638,987",,,
Donelson Middle School,8/18/2020,0,200,300,200,200,300,200,,"1,400","114,266","3,640,387",,,
McGavock High School,8/19/2020,0,400,400,600,700,700,750,,"3,550","117,816","3,643,937",,,
Jean Crowe Advocacy Center,8/19/2020,0,0,0,0,0,200,200,200,600,"118,416","3,644,537","1,327,887",,
Connectus Vine Hill,8/19/2020,0,0,600,0,600,600,600,,"2,400","120,816","3,646,937",,,
Connectus Priest Lake,8/19/2020,0,0,525,600,600,600,600,,"2,925","123,741","3,649,862",,,
Safe Room,8/19/2020,0,0,0,0,0,0,0,84,84,"123,825","3,649,946",,,
Catholic Charities,8/20/2020,650,700,700,1000,1000,1000,1000,,"6,050","129,875","3,655,996",,,
Woodmont Baptist Church,8/24/2020,0,0,0,0,200,200,200,,600,"130,475","3,656,596",,,
Haywood Elementary,8/24/2020,0,400,500,600,600,600,700,,"3,400","133,875","3,659,996",,,
Antioch High School,8/24/2020,0,400,500,600,600,600,700,,"3,400","137,275","3,663,396",,,
Glencliff High School,8/24/2020,0,400,500,600,600,600,700,,"3,400","140,675","3,666,796",,,
Hillwood High School,8/25/2020,0,275,500,600,600,600,700,,"3,275","143,950","3,670,071",,31941,
Neighborhood Health Inglewood,8/25/2020,250,300,250,250,250,250,300,,"1,850","145,800","3,671,921",,,
Neighborhood Health Cayce,8/25/2020,500,600,500,500,500,500,500,,"3,600","149,400","3,675,521",,,
Neighborhood Health Cleveland,8/25/2020,500,500,550,500,500,500,500,,"3,550","152,950","3,679,071",,,
Martha O'Bryan,8/26/2020,0,0,0,600,600,600,600,,"2,400","155,350","3,681,471",,,
Stratford High School,8/26/2020,0,400,600,600,600,600,600,,"3,400","158,750","3,684,871",,,
McGavock High School,8/26/2020,0,500,600,600,700,700,700,,"3,800","162,550","3,688,671",,,
Madison Middle School,8/26/2020,0,0,0,0,300,300,0,,600,"163,150","3,689,271",,,
Neighborhood Health Madison,8/26/2020,750,750,800,800,750,750,800,,"5,400","168,550","3,694,671",,,
Neighborhood Health Lebanon,8/26/2020,250,300,200,300,300,300,300,,"1,950","170,500","3,696,621",,,
NICE Highlands Apartments,8/27/2020,200,500,600,600,700,700,700,,"4,000","174,500","3,700,621",,,
Welshwood Clinic,8/27/2020,500,500,550,500,500,600,500,,"3,650","178,150","3,704,271",,,
Connectus Priest Lake,8/27/2020,0,0,0,0,500,600,500,,"1,600","179,750","3,705,871","1,392,871",36240,
Neighborhood Health at Napier Place,8/31/2020,450,500,600,500,500,600,500,,"3,650","183,400","3,709,521",3668,74190.42,"183,400"
Cole Elementary,9/1/2020,0,300,0,200,200,300,300,,"1,300","1,300","3,710,821",,,3668
Haywood Elementary,9/1/2020,0,425,600,600,700,600,700,,"3,625","4,925","3,714,446",,,59
Catholic Charities,9/1/2020,650,700,800,1000,1000,1000,1000,,"6,150","11,075","3,720,596",,,
Hillwood High School,9/1/2020,0,0,400,600,600,600,600,,"2,800","13,875","3,723,396",,,
McGavock High School,9/2/2020,,400,400,600,600,700,700,,"3,400","17,275","3,726,796",,,
Andrea Hollis,9/2/2020,,,,,50,,,,50,"17,325","3,726,846",,,
Connectus Priest Lake,9/2/2020,,,,,650,600,600,,"1,850","19,175","3,728,696",,,
Connectus Vine Hill,9/2/2020,0,0,0,600,600,600,600,,"2,400","21,575","3,731,096",,,
Haywood Elementary,9/8/2020,0,400,600,600,600,600,500,,"3,300","24,875","3,734,396",,,
Antioch High School,9/8/2020,300,0,300,300,0,0,0,,900,"25,775","3,735,296",,,
Glencliff High School,9/8/2020,0,200,300,300,300,300,300,,"1,700","27,475","3,736,996",,,
Neighborhood Health Casa Azafran,9/8/2020,250,300,300,250,250,300,300,,"1,950","29,425","3,738,946",,,
Hillwood High School,9/8/2020,0,0,150,500,600,600,500,,"2,350","31,775","3,741,296",,,
McGavock High School,9/9/2020,0,400,450,600,600,750,700,,"3,500","35,275","3,744,796",,,
Martha O'Bryan,9/9/2020,0,0,0,0,600,500,500,,"1,600","36,875","3,746,396",,,
NICE Highlands Apartments,9/10/2020,325,425,600,600,600,600,750,,"3,900","40,775","3,750,296",,,
Legacy Mission Village,9/10/2020,350,550,750,1500,2050,2000,2000,,"9,200","49,975","3,759,496",,,
Antioch Middle School,9/10/2020,200,300,400,500,600,600,500,,"3,100","53,075","3,762,596",,,
Stratford High School,9/10/2020,0,300,400,500,500,500,500,,"2,700","55,775","3,765,296",,,
Down Syndrome Association-Middle Tn,9/10/2020,0,0,0,0,0,0,0,760,760,"56,535","3,766,056",,,
Tom Joy Elementary,9/10/2020,200,200,0,0,200,0,250,,850,"57,385","3,766,906",,,
J.E. Moss Elementary,9/11/2020,200,300,400,500,500,500,500,,"2,900","60,285","3,769,806",,,
Jones Paideia Elementary Magnet School,9/11/2020,0,0,200,200,200,200,250,,"1,050","61,335","3,770,856","1,450,456",29009.12,
Haywood Elementary,9/14/2020,0,500,500,600,600,700,650,,"3,550","64,885","3,774,406",,,
Catholic Charities,9/15/2020,650,700,750,1000,1000,1000,1000,,"6,100","70,985","3,780,506",,,
Hillwood High School,9/15/2020,0,150,300,500,500,500,500,,"2,450","73,435","3,782,956",,,
Connectus Priest Lake,9/16/2020,0,0,0,400,500,500,500,,"1,900","75,335","3,784,856",,,
Robert Churchwell Elementary,9/16/2020,0,200,200,200,200,200,250,,"1,250","76,585","3,786,106",,,
McGavock High School,9/16/2020,0,200,450,625,700,700,750,,"3,425","80,010","3,789,531",,,
Shwab Elementary School,9/16/2020,150,300,150,250,100,200,150,,"1,300","81,310","3,790,831",,,
Hillsboro High School,9/18/2020,0,0,225,0,0,0,0,,225,"81,535","3,791,056",,,
Hillwood High School,9/22/2020,0,400,600,700,700,750,750,,"3,900","85,435","3,794,956",,,
Stratford High School,9/22/2020,0,300,450,500,400,500,500,,"2,650","88,085","3,797,606",,,
Haywood Elementary,9/22/2020,0,500,500,600,600,600,600,,"3,400","91,485","3,801,006",,,
Haywood Elementary,9/22/2020,0,72,284,296,404,294,598,,"1,948","93,433","3,802,954",,,
First Presbyterian Church - Lebanon,9/22/2020,0,500,475,575,575,525,600,,"3,250","96,683","3,806,204",,,
McGavock High School,9/23/2020,200,200,475,700,200,800,750,,"3,325","100,008","3,809,529",,,
J.E. Moss Elementary,9/23/2020,0,200,200,600,200,650,600,,"2,450","102,458","3,811,979","1,495,329",,
Monroe Harding,9/24/2020,0,400,0,300,900,1500,2000,1020,"6,120","108,578","3,818,099",,,
NICE Highlands Apartments,9/24/2020,300,400,600,750,600,750,750,,"4,150","112,728","3,822,249",,,
Legacy Mission Village,9/24/2020,300,600,800,1500,2700,2500,2750,,"11,150","123,878","3,833,399",,,
Martha O'Bryan,9/25/2020,0,0,0,0,600,750,750,,"2,100","125,978","3,835,499",,,
Jones Paideia Elementary Magnet School,9/28/2020,0,150,150,200,200,200,200,,"1,100","127,078","3,836,599",,,
Mercy Williamson County Clinic,9/28/2020,225,300,300,300,300,300,300,,"2,025","129,103","3,838,624",,,
Mercy Marshall County Clinic,9/28/2020,225,300,300,300,300,300,300,,"2,025","131,128","3,840,649",,,
McGruder Family Resource Center,9/29/2020,675,725,750,1000,1000,1000,1000,,"6,150","137,278","3,846,799",,,
Robert Churchwell Elementary,9/29/2020,0,300,200,300,300,300,250,,"1,650","138,928","3,848,449",,,
Hillwood High School,9/29/2020,0,525,500,700,700,725,750,,"3,900","142,828","3,852,349",,,
Glenview Elementary,9/29/2020,0,200,200,200,200,250,250,,"1,300","144,128","3,853,649",,,
Connectus Priest Lake,9/29/2020,0,0,0,600,600,600,600,,"2,400","146,528","3,856,049",,,
Connectus Vine Hill,9/29/2020,0,0,0,600,600,600,600,,"2,400","148,928","3,858,449",,,
J.E. Moss Elementary,9/29/2020,0,700,700,825,700,800,750,,"4,475","153,403","3,862,924","1,546,274",,"153,403"
Glencliff High School,10/1/2020,0,300,200,200,300,250,300,,"1,550","1,550","3,864,474",,,3068.06
Hillwood High School,10/7/2020,0,500,400,400,800,1200,1250,,"4,550","4,550","3,869,024",,,
Legacy Mission Village,10/8/2020,0,600,800,1500,2700,2750,2750,,"11,100","11,100","3,880,124",,,52
NICE Highlands Apartments,10/8/2020,300,450,600,800,750,750,750,,"4,400","15,500","3,884,524",,,
John Early Museum Magnet MS,10/12/2020,0,150,150,200,150,150,200,,"1,000","16,500","3,885,524",,,
Pearl Cohn High School,10/12/2020,0,150,150,200,150,150,200,,"1,000","17,500","3,886,524",,,
Robert Churchwell Elementary,10/12/2020,0,150,150,200,150,150,200,,"1,000","18,500","3,887,524",,,
Hull Jackson Elementary,10/12/2020,0,150,150,200,150,150,200,,"1,000","19,500","3,888,524",,,
Jones Paideia Elementary Magnet School,10/12/2020,0,150,150,200,150,150,200,,"1,000","20,500","3,889,524",,,
Madison Middle School,10/12/2020,0,150,150,200,150,150,200,,"1,000","21,500","3,890,524",,,
Maplewood High School,10/12/2020,0,150,150,200,150,150,200,,"1,000","22,500","3,891,524",,,
Jere Baxter Middle School,10/12/2020,0,150,150,200,150,150,200,,"1,000","23,500","3,892,524",,,
Hispanic Family Foundation,10/10/2020,0,5100,0,0,0,0,0,,"5,100","28,600","3,897,624",,,
Mercy Williamson County Clinic,10/12/2020,225,200,300,200,200,0,0,,"1,125","29,725","3,898,749",,,
Catholic Charities,10/13/2020,675,750,750,1000,1000,1000,1000,,"6,175","35,900","3,904,924",,,
Haynes Middle School,10/13/2020,0,150,150,200,150,150,200,,"1,000","36,900","3,905,924",,,
Alex Green Elementary,10/13/2020,0,150,150,200,150,150,200,,"1,000","37,900","3,906,924",,,
Whites Creek High School,10/13/2020,0,150,150,200,150,150,200,,"1,000","38,900","3,907,924",,,
Connectus Priest Lake,10/13/2020,0,600,600,600,600,750,750,,"3,900","42,800","3,911,824",,,
Connectus Vine Hill,10/13/2020,0,0,600,600,600,750,750,,"3,300","46,100","3,915,124",,,
McGavock High School,10/14/2020,0,450,450,600,600,750,750,,"3,600","49,700","3,918,724",,,
Two Rivers Middle School,10/14/2020,0,150,150,200,150,150,200,,"1,000","50,700","3,919,724",,,
KIPP Kirkpatrick Elementary,10/14/2020,0,150,150,200,150,150,200,,"1,000","51,700","3,920,724",,,
Hillwood High School,10/14/2020,0,600,600,700,725,700,800,,"4,125","55,825","3,924,849",,,
Martha O'Bryan,10/14/2020,0,0,0,600,600,600,650,,"2,450","58,275","3,927,299",,,
Woodmont Baptist Church,10/14/2020,150,150,0,0,150,200,200,,850,"59,125","3,928,149",,,
Neighborhood Health Madison,10/15/2020,1250,1300,1000,1000,500,1250,1250,,"7,550","66,675","3,935,699","1,619,049",,
Nurses for Newborns,10/15/2020,0,0,0,300,200,200,0,,700,"67,375","3,936,399",,,
McKissick Middle School,10/16/2020,0,150,150,200,150,150,200,,"1,000","68,375","3,937,399",,,
Haywood Elementary,10/19/2020,0,150,150,200,200,200,200,,"1,100","69,475","3,938,499",,,
Glencliff High School,10/19/2020,0,150,150,200,200,200,200,,"1,100","70,575","3,939,599",,,
Whitsitt Elementary,10/19/2020,0,150,150,200,200,200,200,,"1,100","71,675","3,940,699",,,
Antioch High School,10/19/2020,0,150,250,200,200,200,200,,"1,200","72,875","3,941,899",,,
J.E. Moss Elementary,10/19/2020,0,150,150,200,100,300,100,,"1,000","73,875","3,942,899",,,
Tom Joy Elementary,10/20/2020,0,150,150,200,200,200,200,,"1,100","74,975","3,943,999",,,
Stratford High School,10/20/2020,0,300,300,300,300,300,300,,"1,800","76,775","3,945,799",,,
H G Hill Middle School,10/20/2020,0,150,150,200,200,200,200,,"1,100","77,875","3,946,899",,,
Hillwood High School,10/20/2020,0,450,375,600,700,800,800,,"3,725","81,600","3,950,624",,,
Monroe Harding,10/20/2020,150,450,0,150,750,600,1200,1260,"4,560","86,160","3,955,184",,,
McGavock High School,10/21/2020,0,450,450,600,600,750,750,,"3,600","89,760","3,958,784",,,
Cole Elementary,10/21/2020,0,150,150,200,200,200,200,,"1,100","90,860","3,959,884",,,
Fall Hamilton Elementary,10/21/2020,0,150,150,125,200,200,200,,"1,025","91,885","3,960,909",,,
Napier Elementary,10/21/2020,0,150,150,125,200,200,200,,"1,025","92,910","3,961,934",,,
McMurray Middle School,10/21/2020,0,150,150,150,150,200,200,,"1,000","93,910","3,962,934",,,
Tusculum Elementary,10/21/2020,0,150,150,150,150,200,200,,"1,000","94,910","3,963,934",,,
Overton High School,10/21/2020,150,150,150,150,150,200,200,,"1,150","96,060","3,965,084",,,
NICE Highlands Apartments,10/21/2020,300,450,600,725,725,800,800,,"4,400","100,460","3,969,484",,,
Legacy Mission Village,10/21/2020,0,750,750,1500,2250,2300,2250,,"9,800","110,260","3,979,284",,,
Lebanon Special School District,10/21/2020,150,125,350,375,600,675,625,,"2,900","113,160","3,982,184",,,
Robert Churchwell Elementary,10/26/2020,150,150,150,150,150,200,200,,"1,150","114,310","3,983,334",,,
KIPP Academy Nashville,10/26/2020,0,150,150,150,150,200,200,,"1,000","115,310","3,984,334",,,
Dupont Elementary School,10/26/2020,0,150,150,125,150,200,200,,975,"116,285","3,985,309",,,
Madison Middle School,10/26/2020,0,0,0,0,0,300,300,,600,"116,885","3,985,909",,,
Ivanetta H. Davis Early Learning Center,10/26/2020,0,150,150,150,150,200,200,,"1,000","117,885","3,986,909",,,
Jones Paideia Elementary Magnet School,10/26/2020,0,0,0,0,300,300,400,,"1,000","118,885","3,987,909",,,
Whites Creek High School,10/27/2020,0,150,0,0,0,0,200,,350,"119,235","3,988,259",,,
Catholic Charities,10/27/2020,675,750,750,1000,1000,1000,1000,,"6,175","125,410","3,994,434",,,
McKissick Middle School,10/27/2020,0,200,150,200,200,200,200,,"1,150","126,560","3,995,584",,,
Columbia Pediatric Clinic Inc,10/27/2020,25,100,50,200,150,625,325,,"1,475","128,035","3,997,059",,,
McGavock High School,10/28/2020,0,400,450,600,600,750,750,,"3,550","131,585","4,000,609",,,
Hillwood High School,10/28/2020,0,400,375,700,800,1100,1050,,"4,425","136,010","4,005,034","1,688,384",,
Martha O'Bryan,10/28/2020,0,0,0,400,500,500,500,,"1,900","137,910","4,006,934",,,
Mercy Williamson County Clinic,10/29/2020,0,450,450,500,500,500,500,,"2,900","140,810","4,009,834",,,
Connectus Priest Lake,10/29/2020,0,150,150,600,600,600,600,,"2,700","143,510","4,012,534","1,695,884",,
Total Health Medical And Dental Care,10/31/2020,50,100,50,50,175,300,250,,975,"144,485","4,013,509","1,696,859",2889.7,65
Haywood Elementary,11/2/2020,0,100,75,200,200,300,350,,"1,225","1,225","4,014,734",,65,
Antioch High School,11/2/2020,0,0,0,0,200,200,250,,650,"1,875","4,015,384",,,
Glencliff High School,11/2/2020,0,0,150,150,150,200,250,,900,"2,775","4,016,284","1,699,634",,
KIPP Academy Nashville,11/3/2020,0,200,150,300,300,300,250,,"1,500","4,275","4,017,784",,1735000,
KIPP Collegiate High School,11/3/2020,0,150,100,200,200,200,200,,"1,050","5,325","4,018,834",,,
McGavock High School,11/4/2020,300,200,400,400,600,600,600,,"3,100","8,425","4,021,934",,,
Hillwood High School,11/4/2020,0,300,400,600,700,800,750,,"3,550","11,975","4,025,484",,,
Cole Elementary,11/4/2020,0,0,0,0,250,300,250,,800,"12,775","4,026,284",,,
J.E. Moss Elementary,11/4/2020,0,0,0,100,250,200,250,,800,"13,575","4,027,084",,,
NICE Highlands Apartments,11/4/2020,300,400,600,600,600,800,850,,"4,150","17,725","4,031,234",,,
Connectus Vine Hill,11/4/2020,75,150,150,700,600,600,600,,"2,875","20,600","4,034,109",,,
H G Hill Middle School,11/5/2020,0,150,150,200,200,300,250,,"1,250","21,850","4,035,359",,,
Shwab Elementary School,11/5/2020,0,150,150,200,150,200,200,,"1,050","22,900","4,036,409",,,
Stratford High School,11/5/2020,0,200,200,200,200,200,250,,"1,250","24,150","4,037,659",,,
Tom Joy Elementary,11/5/2020,150,150,150,200,200,0,0,,850,"25,000","4,038,509",,,
Neighborhood Health Madison,11/5/2020,450,650,150,850,750,1000,750,,"4,600","29,600","4,043,109",,,
Hull Jackson Elementary,11/9/2020,0,150,150,0,300,300,250,,"1,150","30,750","4,044,259",,,
Jere Baxter Middle School,11/9/2020,0,150,150,150,300,300,300,,"1,350","32,100","4,045,609",,,
Maplewood High School,11/9/2020,175,0,0,0,0,400,0,,575,"32,675","4,046,184",,,
KIPP Kirkpatrick Elementary,11/9/2020,0,275,300,300,300,0,0,,"1,175","33,850","4,047,359",,,
Hillwood High School,11/10/2020,0,200,300,400,600,600,750,,"2,850","36,700","4,050,209",,,
Catholic Charities,11/10/2020,600,700,700,1050,1050,1000,1000,,"6,100","42,800","4,056,309",,,
Whites Creek High School,11/10/2020,150,0,0,300,0,0,0,,450,"43,250","4,056,759",,,
McKissick Middle School,11/10/2020,0,200,200,300,450,500,500,,"2,150","45,400","4,058,909",,,
Stratford High School,11/10/2020,25,50,0,225,125,48,149,,622,"46,022","4,059,531",,,
Connectus Priest Lake,11/10/2020,0,0,600,600,600,600,0,,"2,400","47,800","4,061,931",,,
Connectus Vine Hill,11/10/2020,0,0,600,600,600,600,750,,"3,150","50,950","4,065,081",,,
McGavock High School,11/11/2020,150,300,400,500,600,600,750,,"3,300","54,250","4,068,381","1,751,731",,
Legacy Mission Village,11/12/2020,0,525,675,1500,2400,2400,2500,,"10,000","64,250","4,078,381",,,
Cole Elementary,11/13/2020,75,150,300,300,450,500,500,,"2,275","66,525","4,080,656",,91,
Hispanic Family Foundation,11/14/2020,75,50,225,375,375,600,800,,"2,500","69,025","4,083,156",,,
Haywood Elementary,11/16/2020,0,100,150,150,450,500,500,,"1,850","70,875","4,085,006",,,
Antioch High School,11/16/2020,0,225,300,0,450,500,500,,"1,975","72,850","4,086,981",,,
J.E. Moss Elementary,11/16/2020,0,0,0,0,300,400,500,,"1,200","74,050","4,088,181",,,
Glencliff High School,11/16/2020,0,250,250,0,450,500,500,,"1,950","76,000","4,090,131",,,
Monroe Harding,11/16/2020,0,300,300,450,900,400,500,912,"3,762","79,762","4,093,893",,,
Hillwood High School,11/17/2020,0,300,300,300,500,0,1000,,"2,400","82,162","4,096,293",,,
H G Hill Middle School,11/17/2020,0,150,200,225,200,200,250,,"1,225","83,387","4,097,518",,,
Stratford High School,11/17/2020,0,150,150,150,300,0,350,,"1,100","84,487","4,098,618",,,
Tom Joy Elementary,11/17/2020,150,300,300,300,0,0,0,,"1,050","85,537","4,099,668",,,
Shwab Elementary School,11/17/2020,0,200,300,0,300,100,200,,"1,100","86,637","4,100,768",,,
Dupont Elementary School,11/17/2020,0,0,0,300,450,0,500,,"1,250","87,887","4,102,018",,,
J.E. Moss Elementary,11/17/2020,0,300,600,600,600,1000,1000,,"4,100","91,987","4,106,118",,,
McGavock High School,11/18/2020,150,275,450,150,600,600,750,,"2,975","94,962","4,109,093",,,
Fall Hamilton Elementary,11/18/2020,0,0,0,0,250,200,250,,700,"95,662","4,109,793",,,
Glenview Elementary,11/18/2020,0,250,300,200,0,0,250,,"1,000","96,662","4,110,793",,,
Cole Elementary,11/18/2020,0,0,200,0,250,300,250,,"1,000","97,662","4,111,793",,,
Tusculum Elementary,11/18/2020,0,0,0,200,150,200,0,,550,"98,212","4,112,343",,,
Overton High School,11/18/2020,150,300,300,0,0,0,0,,750,"98,962","4,113,093",,,
Antioch High School,11/18/2020,75,325,225,550,950,850,925,,"3,900","102,862","4,116,993",,,
NICE Highlands Apartments,11/19/2020,0,600,600,600,600,800,750,,"3,950","106,812","4,120,943",,,
Legacy Mission Village,11/19/2020,0,450,600,1050,2400,2400,2500,,"9,400","116,212","4,130,343",,,
McKissick Middle School,11/20/2020,275,600,500,600,600,500,500,,"3,575","119,787","4,133,918","1,817,268",,
"Knowledge Academies, Inc.",11/21/2020,0,25,25,100,75,75,225,,525,"120,312","4,134,443",,,
Madison Middle School,11/23/2020,0,300,0,300,0,0,0,,600,"120,912","4,135,043",,,
Jere Baxter Middle School,11/23/2020,0,150,200,200,300,200,250,,"1,300","122,212","4,136,343",,,
Maplewood High School,11/23/2020,75,150,0,200,200,0,250,,875,"123,087","4,137,218",,,
KIPP Nashville College Prep,11/23/2020,0,0,150,0,0,0,0,,150,"123,237","4,137,368",,,
Jones Paideia Elementary Magnet School,11/23/2020,0,0,0,0,300,200,250,,750,"123,987","4,138,118",,,
Dupont Elementary School,11/23/2020,0,150,300,200,300,250,250,,"1,450","125,437","4,139,568",,,
Pearl Cohn High School,11/23/2020,0,0,0,300,300,250,0,,850,"126,287","4,140,418",,,
Hull Jackson Elementary,11/23/2020,0,300,300,300,300,300,250,,"1,750","128,037","4,142,168",,,
KIPP Academy Nashville,11/23/2020,0,150,300,150,300,200,250,,"1,350","129,387","4,143,518",,,
KIPP Collegiate High School,11/23/2020,0,300,150,300,300,200,250,,"1,500","130,887","4,145,018",,,
Martha O'Bryan,11/23/2020,0,150,200,300,600,500,500,,"2,250","133,137","4,147,268",,,
Ascension Saint Thomas,11/23/2020,2500,1350,1300,0,0,0,0,,"5,150","138,287","4,152,418",,,
Catholic Charities,11/24/2020,700,750,750,1200,600,900,1000,,"5,900","144,187","4,158,318",,,
Whites Creek High School,11/24/2020,0,0,0,300,150,200,0,,650,"144,837","4,158,968",,,
Haynes Middle School,11/24/2020,0,25,0,50,25,25,25,,150,"144,987","4,159,118",,,
Nurses for Newborns,11/24/2020,0,300,0,300,150,200,0,96,"1,046","146,033","4,160,164",,,
McGavock High School,11/25/2020,0,300,450,550,600,600,600,,"3,100","149,133","4,163,264","1,846,614",,
McKissick Middle School,11/25/2020,0,150,150,150,275,300,250,,"1,275","150,408","4,164,539",,,
Haywood Elementary,,,,,,,,,,,"150,408","4,164,539",,,
Antioch High School,,,,,,,,,,,,,,,
J.E. Moss Elementary,,,,,,,,,,,,,,,
Glencliff High School,,,,,,,,,,,,,,,
